id,name,shortName,version,integrationCategoryId,sourceApplicationId,payload,targetApplicationId,status,description
"guayana","Guayana","","","semi_acidas","frutas","Registro Fruta","frutas","Standard","Llamada desde las Frutas"
"alverja","Alverja","","","de_fruto","leguminosas","Registro Legumbre","legumbres","Standard",""
"maracuya","Maracuya","","","semi_acidas","frutas","Registro Fruta","legumbres","Standard","Llamada desde las Frutas"
"almendra","Almendra","","","secastiesas","frutales","Registro Fruta","frutas","Standard",""
"tomate","Tomate","","","de_fruto","legumbres","Registro Legumbre","frutas","Standard","Llamada desde las Legumbres"
"apio","Apio","","","de_tallo","legumbres","Registro Legumbre","legumbres","Standard","Llamada desde Legumbres"
"limon","Limon","","","semi_acidas","frutas","Registro Fruta","legumbres","Standard","Llamada desde las Frutas"
"nuez","Nuez","","","secastiesas","frutales","Registro Fruta","frutas","Standard",""
"zanahoria","Zanahoria","","","de_fruto","legumbres","Registro Legumbre","frutas","Standard","Llamada desde las Legumbres"
"frejol_negro","Frejol Negro","","","de_fruto","frutales","Registro Legumbre","frutas","Standard",""